size_bytes,bandwidth_arg,run,seconds,bits_per_sec,bytes,packets,lost_packets,lost_percent,jitter_ms,pps,bytes_per_sec,cpu_percent_host_total,cpu_percent_remote_total
1024,100M,1,30.027863,99877745.6914616,374580224,365802,993,0.2714583299161842,0.5664380675939245,12182.085684885402,12474421.639661804,14.572357919093937,17.636942734552022
1024,100M,10,30.032598,99977222.0738477,374950912,366164,1152,0.31461312417386744,1.0799149437890538,12192.218601933806,12484797.752095906,17.114497117805477,22.215843972320766
1024,100M,2,30.013064,99948337.2660174,374862848,366078,1218,0.3327159785619458,1.1236367815902215,12197.288487440002,12489989.292662688,14.976063757296712,17.0258748650841
1024,100M,3,30.011208,99982737.81423125,374994944,366206,980,0.26760894141548747,0.1925568653996256,12202.30788444104,12495163.273667624,13.632910151463163,18.7429682630733
1024,100M,4,30.019145,99843442.26546997,374533120,365755,1003,0.2742272832907274,0.06189487736059913,12184.057873733578,12476475.262703184,14.35803532529541,19.31098653224417
1024,100M,5,30.015248,99978696.1987228,374961152,366174,1231,0.33617897502280336,0.08474000212989673,12199.599350303553,12492355.618717527,12.120306831561,18.6871412078883
1024,100M,6,30.02144,99968235.2814952,375029760,366240,1065,0.29079292267365664,0.4155571240293356,12199.281580097424,12492064.338019762,13.779220157365282,19.469371846782
1024,100M,7,30.020775,99981841.12567563,375106560,366315,2072,0.5656334029455523,0.32288195034211553,12202.050080319379,12494899.282247044,15.395715663601116,20.9254867798857
1024,100M,8,30.009807,99902232.5859251,374681600,365900,1070,0.29242962558075974,0.38550324525276564,12192.680879287229,12485305.220390122,13.98999430813936,20.30332156076128
1024,100M,9,30.035252,99941391.0347411,374907904,366121,1275,0.348245525386416,0.5335752320272535,12189.709611892053,12482262.642577462,16.127994749545294,22.213878700036627
1024,80M,1,30.030605,79966046.28345674,299994112,292963,987,0.33690261227527024,1.5351717430574061,9755.4811166808,9989612.663481139,5.507022951641185,8.008455063792756
1024,80M,10,30.014491,79960900.20468286,299922432,292893,596,0.20348728033787084,0.8671276801489017,9758.386374101763,9992587.647080205,5.042158304854353,14.782851505773525
1024,80M,2,30.016305,79962730.965876,299961344,292931,725,0.247498557680819,0.5120731281191887,9759.062616134797,9993280.118922032,5.620432482956572,10.827437072018482
1024,80M,3,30.020312,79954723.5239144,299973632,292943,724,0.24714705591190095,0.3884040466377913,9758.159741977364,9992355.575784821,5.875261022443796,11.765332515045351
1024,80M,4,30.00859,79970694.85923524,299927552,292898,506,0.17275638618222044,0.584155944925395,9760.471918207419,9994723.244244397,7.438985170579526,12.38977251271318
1024,80M,5,30.014652,79964892.83487193,299955200,292925,433,0.14781940769821628,0.3929363999900094,9759.400175620893,9993625.779835794,5.410416553464105,9.165508595271364
1024,80M,6,30.015957,79965065.4742468,299986944,292956,825,0.2816122557653709,0.42099769621715327,9760.00865139832,9994248.85903188,6.137401330367489,9.10847942464794
1024,80M,7,30.010365,79982134.33636053,299976704,292946,1025,0.34989383708942945,0.33646046637730787,9761.49407046532,9995769.928156488,6.08333449039887,10.832904759940366
1024,80M,8,30.011251,79967637.3314157,299913216,292884,369,0.12598844593764083,0.509787507593487,9759.139997196384,9993359.357129097,6.40056543434247,13.328310781553817
1024,80M,9,30.024924,79992932.2812569,300087296,293054,632,0.21565991250759245,0.17873271922172757,9760.357761438465,9994606.347712988,6.392722692208805,12.486280994344936
1280,100M,1,30.018954,99960068.5612754,375018240,292983,503,0.17168231603881454,0.5845454991686294,9759.933673904827,12492715.102598177,12.471865530601365,16.186392084517816
1280,100M,10,30.031009,99938872.76171647,375086080,293036,645,0.22010947460380295,0.4987062308800632,9757.780699276538,12489959.295073967,10.501088527469312,16.07668967240515
1280,100M,2,30.037045,99912704.5213495,375018240,292983,469,0.1600775471614394,0.6767377123786243,9754.055367297282,12485190.870140523,11.791745013656444,17.268643868128287
1280,100M,3,30.017337,99952536.3832527,374961920,292940,725,0.24749095377893085,0.3437809194483746,9759.026925006705,12491511.821984742,15.235377091390797,15.094562386282744
1280,100M,4,30.008208,99959074.11723234,374865920,292864,486,0.1659473339160839,1.1019302654073642,9759.463144217076,12492112.824597856,12.176150936845909,15.675649484746334
1280,100M,5,30.039027,99966174.0827882,374918400,292906,870,0.2970236184987675,0.027641090774269215,9750.848454578772,12481043.410627116,11.806364043075716,15.083699886770715
1280,100M,6,30.033918,99953716.3647995,374991360,292963,479,0.16350187566347968,0.49230947388440927,9754.4050030369,12485595.785405021,8.995401961849577,13.681188226346986
1280,100M,7,30.009983,99962753.0731381,374924800,292910,804,0.2744870438018504,0.5668432085834453,9760.41872466239,12493335.96756786,11.648467101667022,16.714264221661264
1280,100M,8,30.019653,99983022.51993588,375065600,293020,692,0.23616135417377654,0.2803630796421747,9760.938942232277,12494001.846057314,9.254735547678845,14.21065744011029
1280,100M,9,30.010722,99976613.35880645,374987520,292959,20083,6.85522547523715,0.4195443835621143,9761.8111287026,12495118.24473933,12.114267092165877,14.834653096535572
1280,80M,1,30.00688,79964014.16700514,299872000,234275,845,0.3606872265499947,0.3798350782135887,7807.376175063852,9993441.504081732,4.785016405413762,22.07824944842701
1280,80M,10,30.019321,79992515.04765074,299987200,234365,473,0.2018219444029612,0.052433126235223726,7807.138609164411,9993137.419730445,4.629106342028882,21.65268264246008
1280,80M,2,30.009957,79960222.6128393,299860480,234266,198,0.08451930711242775,0.708437983485651,7806.275763740681,9992032.977588072,6.185533942676638,14.158595867156182
1280,80M,3,30.025014,79966421.5265284,299994880,234371,367,0.15658933912472106,1.187374034411419,7805.858142147744,9991498.421949113,6.288285343623852,15.873402851244167
1280,80M,4,30.019924,79964922.4745436,299980800,234360,393,0.16769073220686123,0.982197862042466,7806.815233776075,9992723.499233376,5.199396004607024,21.812163032394327
1280,80M,5,30.010957,79960937.41017176,299905280,234301,400,0.17072056884093537,0.31509214712676514,7807.181890267611,9993192.819542542,5.87628981648297,15.56762105424783
1280,80M,6,30.018388,79957255.25762863,299965440,234348,453,0.19330226842132214,0.43762331480526845,7806.814942894335,9992723.126904748,4.987162796763634,14.6276404373408
1280,80M,7,30.020225,79962796.45244263,300003840,234378,408,0.17407777180452091,0.5301401471960676,7807.336553939886,9993390.789043054,5.717586567438917,20.402890634909976
1280,80M,8,30.013774,79972302.28276552,299964160,234347,551,0.235121422505942,0.4774193427852301,7807.981761973685,9994216.655326318,5.616867008803898,16.968853640821976
1280,80M,9,30.008989,79962489.79954787,299895040,234293,21163,9.03270690972415,0.4514646184919143,7807.42730119965,9993506.945535554,5.512903423186779,13.382632695084611
128,100M,1,30.040225,38656928.7502064,145035520,1133090,16366,1.4443689380366962,0.18967597231754194,37719.09165127758,4828043.73136353,36.64469282548812,24.966472524047457
128,100M,10,30.027293,37759447.27341573,141603072,1106275,33189,3.000067795078077,0.10338495825070963,36842.315422838816,4715812.1113348445,35.2047174121627,23.521857093744842
128,100M,2,30.036088,38260401.34211533,143496960,1121070,25864,2.307081627373848,0.380164579689742,37324.10159405579,4777485.004039141,37.39345826844788,23.042237176500606
128,100M,3,30.079165,38684996.82743116,145080832,1133444,33377,2.944741866382459,1.292867064980443,37682.030069651206,4823299.848915354,36.27420116349517,22.9593627922415
128,100M,4,30.038055,38717530.00443212,145241472,1134699,14185,1.2501112629869242,0.14192642515457785,37775.381928024304,4835248.886787111,36.815185307203635,24.602062471794184
128,100M,5,30.043882,38376105.02081733,143985280,1124885,22493,1.9995821795116835,0.014019898832645955,37441.39988301112,4792499.185025424,35.1086762674104,23.718601394691042
128,100M,6,30.031179,38646191.3671658,144927232,1132245,19917,1.75907157903104,0.29511285561914,37702.315982998865,4825892.183586931,37.50278707691107,23.309051517399272
128,100M,7,30.026762,38997127.927598454,146247424,1142559,15633,1.3682444407684855,0.011647768539393049,38051.355653999584,4870569.260848039,37.58332031152404,23.885286946321017
128,100M,8,30.051939,38683430.59051484,145081984,1133454,27063,2.387657549402093,0.8602211743714978,37716.50142108967,4827707.922606924,31.88003149392963,21.319703275783887
128,100M,9,30.033146,37620930.515858755,141094784,1102304,43501,3.9463705112201355,0.269342531193981,36702.91483949101,4697968.837497078,33.1675466204007,24.452930605819358
128,80M,1,30.039153,40603206.10517612,152311168,1189932,242530,20.38183694530444,0.17864448048156367,39612.70146332022,5070421.526199491,36.11378075603036,19.767503795041147
128,80M,10,30.046308,38481291.61424828,144380416,1127973,25171,2.231525045368994,0.012165516930162162,37541.15147857767,4805263.129167151,36.761153970096466,22.46862305548312
128,80M,2,30.037817,38696930.60971884,145187072,1134274,22762,2.00674616538861,0.012586951526442973,37761.53240430222,4833476.147750684,36.8186404892556,23.044243049049648
128,80M,3,30.067833,38808041.32258373,145542656,1137053,20324,1.7874276748753137,1.8148610676684442,37816.26032045608,4840477.063977308,37.17884575591096,24.368128151277553
128,80M,4,30.030558,38406894.19795222,144041216,1125322,16476,1.4641142712930166,0.36587875416606447,37472.56377986716,4796488.163822996,36.19197576568794,22.946503545253112
128,80M,5,30.04485,39682232.9188233,148879360,1163121,47813,4.1107503002697054,0.01222483815863457,38712.824327630195,4955237.253639143,38.08683759064787,22.985589040833272
128,80M,6,30.03644,38749543.42140798,145362688,1135647,21946,1.9324666907938823,0.011143781401575462,37808.97469873261,4839544.499947397,35.15435464333374,24.19058666567321
128,80M,7,30.036701,38554043.04535335,144646784,1130053,13158,1.164370166708995,0.0578163517974413,37622.40733428082,4815668.138787945,35.949313764991246,21.89985248728124
128,80M,8,30.03792,38544940.553775616,144569728,1129452,25266,2.2370140563742416,0.27834063618702154,37600.87249716358,4812907.41835653,34.59190145989144,23.929722519753174
128,80M,9,30.030514,37772366.26306964,141652096,1106657,35754,3.230811353472666,0.31959896680699,36851.084200556805,4716938.777671271,35.00332772958296,23.56931384559329
256,100M,1,30.028942,62310368.789431,233722112,912978,37064,4.059681613357606,3.58334258140758,30403.268952998744,7783228.326858802,22.309381429382,21.595784982307777
256,100M,10,30.027329,63228339.51967146,237195520,926545,42629,4.600855867766811,0.0917595545113886,30856.723886430256,7899321.314926146,23.294540159121677,22.42612433677418
256,100M,2,54.98398,61363827.636338115,230139904,898985,35735,3.975038515659327,0.6909314448861044,16349.944110993783,4185581.036512817,20.657845837528974,12.787352135669677
256,100M,3,30.045245,54761763.20457914,205459968,802578,25400,3.164801427400203,0.01956025994419467,26712.313379371677,6838352.225119149,18.92506370278938,20.905104836221767
256,100M,4,30.022222,63676696.07063993,238789632,932772,26656,2.857718713683515,0.00942262875171258,31069.38587023972,7953762.782781368,22.7360392461065,21.65060047773882
256,100M,5,47.584417,63163818.70958517,236887296,925341,29501,3.188122000430112,0.021491849341395895,19446.303187869256,4978253.61609453,20.756329481858888,14.054997490989606
256,100M,6,30.028983,62892796.31297466,235944448,921658,32795,3.558261307339599,0.018584520194418194,30692.28152015671,7857224.069160118,22.471141696813255,20.550102021216258
256,100M,7,30.032471,62693353.15290595,235163136,918607,21635,2.355196509497533,0.46073903463002874,30587.126846805244,7830295.948675019,21.01019535288292,23.880769564125675
256,100M,8,30.025739,63159329.296205625,236879104,925310,65357,7.06325447687802,0.16678141382279035,30817.226513558915,7889201.461452789,22.63186214575492,23.103488207079725
256,100M,9,30.317491,63577331.575450316,238424832,931347,38666,4.15162125394724,0.012845377848843714,30719.79142337339,7864266.604383588,21.173299812993047,22.673341306055043
256,80M,1,30.030929,63511262.44929156,238203904,930484,162464,17.46016051861182,0.01643678891624655,30984.189666593396,7931952.5546479095,22.97213678726584,20.4488599685645
256,80M,10,30.021502,62768167.092852525,235406848,919559,22662,2.4644421945737034,0.014612174894536081,30630.013115266516,7841274.830286639,21.996063007587694,20.295419094408608
256,80M,2,30.026968,58639251.61800383,219991808,859343,67261,7.827025995440703,0.03884903710883684,28619.040057590897,7326474.25474327,19.72787600700312,19.569019325039346
256,80M,3,30.371097,63162646.160223365,236944640,925565,30520,3.297445344195167,0.5355821121238307,30475.191594165994,7801649.048106494,21.954281291276644,21.658700887545773
256,80M,4,30.03475,62038725.07666686,232728064,909094,127582,14.033972284494233,0.4317923696864208,30268.0728156552,7748626.640807731,23.086745459129705,20.236528325346377
256,80M,5,30.032998,60045460.131219685,225255680,879905,39020,4.434569641040794,0.4147521130256182,29297.940884889347,7500272.866531673,21.63031188047875,22.68164578714401
256,80M,6,30.040415,61144095.52144617,229435392,896232,42215,4.710275910701693,0.317577591874269,29834.20834898586,7637557.33734038,23.222741235119315,23.9277079629235
256,80M,7,30.014954,60511643.9932365,226926592,886433,40193,4.534240038446222,0.018523496337023628,29533.04542795568,7560451.100474783,20.59229936536976,23.9979554261716
256,80M,8,30.040112,61305691.65840487,230008832,898472,43878,4.883624642726763,0.4667901324203248,29909.076237798316,7656723.516876369,21.462670518971564,22.00051857176322
256,80M,9,30.052559,61090179.148029454,229315328,895764,52236,5.8314466756869,0.014437689573478671,29806.579865628082,7630475.927191425,22.45523772911079,22.823317970712548
512,100M,1,30.026103,88131480.1829011,330650112,645801,18587,2.878131189019528,0.05456434748234238,21507.985901467135,11012088.781551173,27.24952336629989,19.97926140011027
512,100M,10,30.021036,91023302.07168776,341426176,666848,10032,1.5043908057008493,0.025029417398966882,22212.691127647962,11372897.857355757,23.356506409939513,19.88603668790564
512,100M,2,30.017089,88506007.189617,331945984,648332,15157,2.33784542487491,0.029626112393322773,21598.76329113726,11058566.805062277,28.079804021139765,22.2805873519955
512,100M,3,30.022618,92795677.7901785,348046336,679779,11129,1.637149720718057,0.020054153216845238,22642.229268613417,11592804.331720838,21.845734562907893,19.35870073673646
512,100M,4,30.015662,91402601.8437754,342789120,669511,14531,2.1703900309330244,0.024917451968243447,22305.38843354513,11420341.820213728,22.81997993545196,18.3770352624856
512,100M,5,30.026028,93381442.72716607,350191616,683968,18234,2.6659141948161316,0.5310419695063384,22779.170125332595,11662935.104170289,25.02033838884003,20.552143612557956
512,100M,6,30.020789,93334375.62566453,350040064,683672,14351,2.0991060040487253,0.1576561354219055,22773.28553889773,11659922.195915638,21.89531708788888,20.872099332805657
512,100M,7,30.02533,99988580.5208282,375048704,732518,92633,12.645832593874827,0.347058524676923,24396.66774686573,12491076.834126385,18.870852193509457,17.125479306096363
512,100M,8,30.01379,94611617.6914107,354802176,692974,28484,4.11039952436888,0.007416092472127256,23088.520310164095,11821305.339978723,23.551631252472223,19.6775848053595
512,100M,9,30.025675,91002084.63156894,341301760,666605,10250,1.5376422319064513,0.4226933463347607,22201.16616862069,11366997.078333793,26.94594200539405,19.61648604123825
512,80M,1,30.024618,79998015.6954386,300107776,586148,10322,1.760988692275671,0.05193085691721355,19522.246711015607,9995390.31603999,17.74094367105567,21.285835666887294
512,80M,10,30.015104,79992299.39585203,299978752,585897,13470,2.29903890956943,0.012171215409106418,19520.07229426891,9994259.95658719,17.04726246244696,22.22874484552655
512,80M,2,30.017982,79960466.00832006,299895296,585733,7474,1.276008010475763,0.02401549212259677,19512.73739853665,9990521.548050765,16.898266876079166,20.614187524678808
512,80M,3,30.030038,79981473.07005815,300051456,586039,12408,2.1172652332012034,0.24384309441124719,19515.09352069418,9991710.832999945,16.167892077290244,22.21772376955785
512,80M,4,30.02513,79984717.35338697,300005888,585950,10607,1.8102227152487413,0.23518824321551424,19515.319334171076,9991826.446713137,14.818553747756336,20.70923225433948
512,80M,5,30.019853,79966193.84612483,299951104,585842,9926,1.6943134838403529,0.14613179080540545,19515.152189452758,9991757.920999812,19.239347230680508,20.193252961832552
512,80M,6,30.025534,79952588.1247969,299898880,585740,11275,1.9249154915150066,0.39346599941264715,19508.06270423034,9988128.104565933,16.219832575653506,20.918808280038
512,80M,7,30.027132,71843396.7910108,269530624,526427,2863,0.5438550834208732,0.07833561902485145,17531.710987249797,8976236.025471896,27.079022742686508,18.52318526985154
512,80M,8,30.024919,75756153.90343776,284203520,555085,9798,1.765135069403785,0.021668746021000978,18487.47701867239,9465588.233560264,25.996403165344944,17.955038664781924
512,80M,9,30.026464,79991344.0871362,299970560,585881,10644,1.8167511832607646,0.4446592264372606,19512.154344913874,9990205.972971043,20.497126573219393,19.256327428703464
